terminal_a,terminal_b,workbook_inferred_kohm,candidate_kohm,difference_kohm,absolute_percent
1,2,11.5,11.742618,0.242618,2.109722
1,3,30.3,31.940828,1.640828,5.415273
1,4,187.0,183.582121,-3.417879,1.827743
1,5,162.0,167.028086,5.028086,3.103756
1,6,189.0,186.520191,-2.479809,1.312068
1,7,324.0,328.149268,4.149268,1.280638
1,8,324.0,328.149268,4.149268,1.280638
1,9,252.0,253.149268,1.149268,0.456059
1,10,121.0,124.149268,3.149268,2.602701
1,11,128.0,124.149268,-3.850732,3.008385
1,12,42.0,43.149268,1.149268,2.736351
1,13,49.5,51.149268,1.649268,3.331854
1,14,32.5,33.149268,0.649268,1.997746
2,3,25.6,26.681586,1.081586,4.224944
2,4,185.0,180.816485,-4.183515,2.261359
2,5,160.0,164.26245,4.26245,2.664031
2,6,187.0,183.754556,-3.245444,1.735532
2,7,322.0,325.383632,3.383632,1.050817
2,8,322.0,325.383632,3.383632,1.050817
2,9,250.0,250.383632,0.383632,0.153453
2,10,119.0,121.383632,2.383632,2.003052
2,11,126.0,121.383632,-4.616368,3.663784
2,12,40.0,40.383632,0.383632,0.959079
2,13,47.5,48.383632,0.883632,1.860277
2,14,30.6,30.383632,-0.216368,0.707086
3,4,166.0,163.610603,-2.389397,1.439396
3,5,141.0,147.056567,6.056567,4.295438
3,6,168.0,166.548673,-1.451327,0.863885
3,7,303.0,308.177749,5.177749,1.708828
3,8,303.0,308.177749,5.177749,1.708828
3,9,232.0,233.177749,1.177749,0.507651
3,10,101.0,104.177749,3.177749,3.146286
3,11,108.0,104.177749,-3.822251,3.539121
3,12,22.5,23.177749,0.677749,3.012219
3,13,29.6,31.177749,1.577749,5.330234
3,14,12.7,13.177749,0.477749,3.761806
4,5,31.2,34.208385,3.008385,9.64226
4,6,74.1,76.437154,2.337154,3.154053
4,7,303.0,445.432853,142.432853,47.007542
4,8,303.0,445.432853,142.432853,47.007542
4,9,231.0,370.432853,139.432853,60.360543
4,10,245.0,241.432853,-3.567147,1.455978
4,11,252.0,241.432853,-10.567147,4.193312
4,12,166.0,160.432853,-5.567147,3.353703
4,13,173.0,168.432853,-4.567147,2.639969
4,14,156.0,150.432853,-5.567147,3.568684
5,6,43.2,43.833709,0.633709,1.46692
5,7,274.0,428.878818,154.878818,56.525116
5,8,274.0,428.878818,154.878818,56.525116
5,9,202.0,353.878818,151.878818,75.187534
5,10,220.0,224.878818,4.878818,2.217645
5,11,226.0,224.878818,-1.121182,0.496098
5,12,140.0,143.878818,3.878818,2.770584
5,13,148.0,151.878818,3.878818,2.620823
5,14,131.0,133.878818,2.878818,2.197571
6,7,258.0,448.370924,190.370924,73.78718
6,8,258.0,448.370924,190.370924,73.78718
6,9,187.0,373.370924,186.370924,99.663596
6,10,246.0,244.370924,-1.629076,0.662226
6,11,253.0,244.370924,-8.629076,3.410702
6,12,167.0,163.370924,-3.629076,2.173099
6,13,175.0,171.370924,-3.629076,2.073758
6,14,158.0,153.370924,-4.629076,2.929795
7,8,0.0,0.0,0.0,
7,9,71.5,75.0,3.5,4.895105
7,10,378.0,386.0,8.0,2.116402
7,11,385.0,386.0,1.0,0.25974
7,12,302.0,305.0,3.0,0.993377
7,13,309.0,313.0,4.0,1.294498
7,14,291.0,295.0,4.0,1.37457
8,9,71.5,75.0,3.5,4.895105
8,10,378.0,386.0,8.0,2.116402
8,11,385.0,386.0,1.0,0.25974
8,12,302.0,305.0,3.0,0.993377
8,13,309.0,313.0,4.0,1.294498
8,14,291.0,295.0,4.0,1.37457
9,10,309.0,311.0,2.0,0.647249
9,11,316.0,311.0,-5.0,1.582278
9,12,230.0,230.0,0.0,0.0
9,13,237.0,238.0,1.0,0.421941
9,14,220.0,220.0,0.0,0.0
10,11,184.0,182.0,-2.0,1.086957
10,12,99.0,101.0,2.0,2.020202
10,13,106.0,109.0,3.0,2.830189
10,14,89.0,91.0,2.0,2.247191
11,12,105.0,101.0,-4.0,3.809524
11,13,112.0,109.0,-3.0,2.678571
11,14,95.0,91.0,-4.0,4.210526
12,13,26.8,28.0,1.2,4.477612
12,14,9.8,10.0,0.2,2.040816
13,14,17.0,18.0,1.0,5.882353
