reference,terminal_a,terminal_b,ideal_kohm,e96_kohm
R1,1,2,12.757948770563175,12.7
R2,1,14,67.90569181239319,68.1
R3,2,3,35.00664933847377,34.8
R4,3,4,1395.261914901388,1500.0
R5,3,14,14.373164860499989,14.3
R6,4,5,31.842526157694063,31.6
R7,5,6,45.58077144646019,45.3
R8,5,14,179.55326438500708,178.0
R9,6,9,267.8693762901822,267.0
R10,7,9,71.46105510910873,71.5
R11,9,14,411.742292442966,412.0
R12,10,14,88.74556524877659,88.7
R13,11,14,95.21036145364461,95.3
R14,12,14,9.780264436438195,9.76
R15,13,14,16.99413925808643,16.9
