terminal_a,terminal_b,original_measured_kohm,ideal_model_kohm,e96_model_kohm,e96_difference_kohm,e96_absolute_percent
1,2,11.5,11.506156556060109,11.458352578906851,-0.041647421093149006,0.36215148776651307
1,3,30.3,30.179360150834167,30.130869899923013,-0.1691301000769876,0.5581851487689359
1,4,187.0,191.12810900853086,190.33022678174967,3.3302267817496727,1.7808699367645306
1,5,162.0,160.74363403600103,159.4302267817497,-2.5697732182503046,1.5862797643520399
1,6,189.0,188.08006237946856,187.1309318079039,-1.8690681920961083,0.9889249693630203
1,7,324.0,323.6086419294458,322.87609896733073,-1.1239010326692664,0.34688303477446497
1,8,324.0,323.6086419294458,322.87609896733073,-1.1239010326692664,0.34688303477446497
1,9,252.0,252.18035918969738,251.37609896733073,-0.6239010326692664,0.2475797748687565
1,10,121.0,121.18596002028147,121.0986143187067,0.09861431870669435,0.08149943694768129
1,11,128.0,127.65464401051173,127.69861431870667,-0.30138568129332555,0.23545756351041058
1,12,42.0,42.153457632313796,42.15861431870669,0.15861431870668952,0.37765313977783216
1,13,49.5,49.37556876772473,49.29861431870669,-0.20138568129330991,0.4068397601885048
1,14,32.5,32.360985541643856,32.39861431870669,-0.1013856812933085,0.3119559424409492
2,3,25.6,25.565857032520338,25.477136258660504,-0.12286374133949707,0.4799364896074104
2,4,185.0,189.31015988447612,188.47264402578355,3.472644025783552,1.87710487880192
2,5,160.0,158.9256849119463,157.57264402578357,-2.4273559742164252,1.5170974838852658
2,6,187.0,186.26211325541382,185.27334905193777,-1.726650948062229,0.923342752974454
2,7,322.0,321.7906928053911,321.0185162113646,-0.9814837886353871,0.3048086300109898
2,8,322.0,321.7906928053911,321.0185162113646,-0.9814837886353871,0.3048086300109898
2,9,250.0,250.36241006564265,249.51851621136458,-0.4814837886354155,0.19259351545416623
2,10,119.0,119.36801089622672,119.24103156274057,0.2410315627405737,0.2025475317147678
2,11,126.0,125.83669488645698,125.84103156274055,-0.1589684372594462,0.1261654263963859
2,12,40.0,40.33550850825905,40.30103156274057,0.30103156274056886,0.7525789068514221
2,13,47.5,47.55761964366998,47.44103156274056,-0.05896843725943768,0.12414407844092143
2,14,30.6,30.54303641758911,30.541031562740567,-0.058968437259434126,0.19270731130534027
3,4,166.0,171.41646747187698,170.65740153155724,4.657401531557241,2.8056635732272537
3,5,141.0,141.03199249934715,139.75740153155724,-1.2425984684427647,0.8812755095338756
3,6,168.0,168.3684208428147,167.45810655771146,-0.54189344228854,0.3225556204098452
3,7,303.0,303.89700039279194,303.2032737171383,0.2032737171383019,0.06708703535917554
3,8,303.0,303.89700039279194,303.2032737171383,0.2032737171383019,0.06708703535917554
3,9,232.0,232.4687176530435,231.70327371713827,-0.29672628286172653,0.12789925985419245
3,10,101.0,101.4743184836276,101.42578906851425,0.42578906851424847,0.42157333516262224
3,11,108.0,107.94300247385786,108.02578906851423,0.025789068514228575,0.023878767142804236
3,12,22.5,22.44181609565993,22.485789068514244,-0.014210931485756362,0.0631596954922505
3,13,29.6,29.663927231070865,29.62578906851424,0.025789068514239233,0.08712523146702443
3,14,12.7,12.649344004989992,12.725789068514242,0.025789068514242786,0.20306353160821092
4,5,31.2,30.384474972529823,30.899999999999995,-0.30000000000000426,0.9615384615384753
4,6,74.1,73.95966120512824,74.85178530816466,0.7517853081646706,1.0145550717471938
4,7,303.0,303.91060631865446,304.11071184898793,1.1107118489879326,0.36657156732275004
4,8,303.0,303.91060631865446,304.11071184898793,1.1107118489879326,0.36657156732275004
4,9,231.0,232.48232357890606,232.61071184898793,1.6107118489879326,0.6972778567047327
4,10,245.0,247.5920979455246,246.63161246304298,1.631612463042984,0.6659642706297894
4,11,252.0,254.06078193575487,253.23161246304298,1.2316124630429783,0.48873510438213424
4,12,166.0,168.55959555755695,167.691612463043,1.6916124630429863,1.019043652435534
4,13,173.0,175.78170669296787,174.831612463043,1.831612463043001,1.0587355277705208
4,14,156.0,158.767123466887,157.931612463043,1.9316124630429954,1.2382131173352535
5,6,43.2,43.57518623259841,43.95178530816466,0.7517853081646564,1.7402437688996675
5,7,274.0,273.52613134612466,273.21071184898796,-0.7892881510120446,0.288061368982498
5,8,274.0,273.52613134612466,273.21071184898796,-0.7892881510120446,0.288061368982498
5,9,202.0,202.09784860637623,201.71071184898793,-0.28928815101207306,0.14321195594657082
5,10,220.0,217.20762297299478,215.731612463043,-4.268387536956993,1.9401761531622697
5,11,226.0,223.67630696322504,222.33161246304297,-3.6683875369570274,1.6231803260871802
5,12,140.0,138.17512058502712,136.791612463043,-3.208387536956991,2.291705383540708
5,13,148.0,145.39723172043804,143.931612463043,-4.068387536957005,2.748910497943922
5,14,131.0,128.38264849435717,127.031612463043,-3.968387536956996,3.029303463325951
6,7,258.0,257.78838217667976,257.4345007959973,-0.5654992040027196,0.21918573798555022
6,8,258.0,257.78838217667976,257.4345007959973,-0.5654992040027196,0.21918573798555022
6,9,187.0,186.36009943693134,185.93450079599728,-1.0654992040027196,0.5697856705896895
6,10,246.0,244.54405131646232,243.4323174891972,-2.567682510802797,1.0437733783751209
6,11,253.0,251.01273530669258,250.0323174891972,-2.9676825108028027,1.172997039843005
6,12,167.0,165.51154892849465,164.4923174891972,-2.5076825108027947,1.501606293893889
6,13,175.0,172.73366006390557,171.63231748919722,-3.36768251080278,1.924390006173017
6,14,158.0,155.7190768378247,154.73231748919721,-3.2676825108027856,2.068153487849864
7,9,71.5,71.4282827397484,71.5,0.0,0.0
7,10,378.0,380.07263086643957,379.17748464862404,1.177484648624045,0.31150387529736634
7,11,385.0,386.5413148566698,385.77748464862407,0.7774846486240676,0.2019440645776799
7,12,302.0,301.0401284784719,300.23748464862405,-1.7625153513759528,0.5836143547602493
7,13,309.0,308.2622396138828,307.37748464862403,-1.6225153513759665,0.5250858742317044
7,14,291.0,291.24765638780195,290.47748464862406,-0.5225153513759437,0.17955853999173324
8,9,71.5,71.4282827397484,71.5,0.0,0.0
8,10,378.0,380.07263086643957,379.17748464862404,1.177484648624045,0.31150387529736634
8,11,385.0,386.5413148566698,385.77748464862407,0.7774846486240676,0.2019440645776799
8,12,302.0,301.0401284784719,300.23748464862405,-1.7625153513759528,0.5836143547602493
8,13,309.0,308.2622396138828,307.37748464862403,-1.6225153513759665,0.5250858742317044
8,14,291.0,291.24765638780195,290.47748464862406,-0.5225153513759437,0.17955853999173324
9,10,309.0,308.64434812669117,307.67748464862404,-1.322515351375955,0.42799849559092396
9,11,316.0,315.11303211692143,314.277484648624,-1.7225153513759892,0.5450997947392371
9,12,230.0,229.61184573872347,228.73748464862402,-1.2625153513759813,0.5489197179895571
9,13,237.0,236.8339568741344,235.87748464862403,-1.1225153513759665,0.4736351693569478
9,14,220.0,219.81937364805353,218.97748464862403,-1.0225153513759722,0.46477970517089645
10,11,184.0,184.1186329475055,184.0,0.0,0.0
10,12,99.0,98.61744656930756,98.46000000000001,-0.539999999999992,0.5454545454545374
10,13,106.0,105.83955770471849,105.6,-0.4000000000000057,0.3773584905660431
10,14,89.0,88.82497447863761,88.7,-0.29999999999999716,0.3370786516853901
11,12,105.0,105.08613055953782,105.05999999999999,0.05999999999998806,0.057142857142845775
11,13,112.0,112.30824169494875,112.19999999999999,0.19999999999998863,0.17857142857141842
11,14,95.0,95.29365846886787,95.29999999999998,0.29999999999998295,0.3157894736841926
12,13,26.8,26.807055316750812,26.659999999999997,-0.14000000000000412,0.5223880597015079
12,14,9.8,9.79247209066994,9.76,-0.040000000000000924,0.40816326530613184
13,14,17.0,17.014583226080873,16.9,-0.10000000000000142,0.5882352941176554
7,8,0,0,0,0,0
